36122|Pedro Heitor Rebelo Marinho|13|36122-isel
37832|André Mauro da Silva Filipe|11|AndreMauro
38829|Fábio Tomás Dias Martin|4|fabio-martin
39081|Paulo Alexandre Lomar Piriquito|8|paulopiriquito
39087|Pedro Miguel Paixão Santos|1|pedrompaixao
39185|Diogo Eduardo Vaz Martins|1|sn1tram
39209|João Filipe de Sousa Viegas|11|JFSViegas
39396|Helena Sofia Barai Formoso Gomes|3|Helena-sofiaa
39642|Ginquel Alexandre da Costa Morreira|3|gitAlexandre
40520|Hugo Alexandre Nogueira Duque Gonçalves|14|hugoduque86
40546|Tiago João Lamas Cardoso|12|tiagoSid
40591|Ana Sofia Nunes Rodrigues|12|SofiaRodrigues24
40639|Paulo Alexandre Matos de Campos|11|palexandrecampos
40648|Ricardo Jorge Conceição Duarte|1|RicardoJCD
41394|Jonatas Souza Roland|5|jonatsh
41431|Rafael Baeta Domingues|4|RafaelDomingues41431
41465|Gonçalo Jorge Bettencourt Caldeira|4|Caldeiradas
41475|Ângelo Miguel da Silva Libório|2|angeloLiborio
41514|Rodrigo Pinto Paiva Martins|9|rppmartins
41548|Guilherme Filipe dos Santos Arede|9|gfsarede
41566|Nuno Manuel Pereira Faião|2|PTTANK
41920|João Pedro Tavares Vaz|5|oss5031
41925|Marco António Gonçalves da Silva|5|MarcoSilva20
42119|João Carlos Santos Silvério|6|olhofalcao
42141|Filipe Pernas Machado Fé|6|fezadas
42166|Pedro António Mateus Pinheiro Andrade|8|Pedroandrad
42167|João Francisco Lucas Pereira|7|JoaoFranciscoPereira
42172|Ivo Luís Martinho Pereira|12|ivoper
42178|Telmo Pena Antunes|10|TelmoAntunes
42186|João Paulo da Costa Francisco|8|joaoPFrancisco
42209|João Paulo Carvalho Martins|10|JoaoPauloMartins001
42210|Filipe de Oliveira Alexandre|7|filipeoalexandre
42223|Ricardo Jorge Pereira Velez|7|
42402|TIAGO SAMUEL dos SANTOS e SILVA|10|tsss97
42799|Daniela Cristina Santos Gomes|3|danielagomes
42929|Gonçalo Maria Ferrão Loureiro de Figueiredo Barros|9|Colapso
42934|José David Carvalho Pereira|6|BOLT04
43526|José Francisco Domingos Cunha|2|josefdcunha
